<?xml version="1.0" encoding="UTF-8"?>
<project-private xmlns="http://www.netbeans.org/ns/project-private/1">
    <editor-bookmarks xmlns="http://www.netbeans.org/ns/editor-bookmarks/2" lastBookmarkId="0"/>
    <open-files xmlns="http://www.netbeans.org/ns/projectui-open-files/2">
        <group>
            <file>file:/C:/Users/rabia/Desktop/odev2/Project/src/odev2/Odev2.java</file>
            <file>file:/C:/Users/rabia/Desktop/odev2/Project/src/assets/Rezervasyonlar.txt</file>
            <file>file:/C:/Users/rabia/Desktop/odev2/Project/src/odev2/Yonetici.java</file>
            <file>file:/C:/Users/rabia/Desktop/odev2/Project/src/odev2/UcusRezarvasyonu.java</file>
        </group>
    </open-files>
</project-private>
